no_of_clusters,silhoutte_score
2,0.9027321579616382
3,0.8845210965545002
4,0.8671535061209563
5,0.8326690121533749
6,0.8294714804624275
7,0.7986265702427561
8,0.749918295528566
9,0.7694880207276992
